Latitude,Longitude,Income
-33.84396429,151.2792678,43248.21725
-33.87571322,151.2555317,48554.81329
-33.83641557,151.2122815,42075.80079
-33.79264851,151.1769532,46920.3847
-33.88050767,151.2442112,31063.85333
-33.88050685,151.2289743,52132.93707
-33.78983936,151.2540597,50012.05475
-33.83042826,151.2410586,41829.11369
-33.89227372,151.2617776,56592.45668
-33.841672,151.1825382,59375.70138
-33.89197088,151.2751697,33924.40136
-33.89208649,151.21918,42372.75221
-33.85670189,151.313063,42308.5765
-33.96446401,151.1748406,40600.96899
-33.95504589,151.2960982,58294.74842
-33.89691438,151.2191955,48061.73861
-33.91944156,151.1767291,47354.85159
-33.85308763,151.1851057,29961.37636
-33.9142012,151.1932826,56354.1803
-33.93941519,151.2305083,37607.41605
-33.79551756,151.2354418,50599.3263
-33.88008882,151.180615,52773.76938
-33.86542359,151.2080823,63606.58596
-33.94003741,151.3164135,36911.79601
-33.89601914,151.2956772,19804.87844
-33.86325387,151.2311162,51838.49545
-33.92634968,151.2112002,68005.11182
-33.8500151,151.2153016,62389.46353
-33.89883193,151.2399759,52096.59415
-33.88338469,151.1581604,45083.63814
-33.89888533,151.1964312,58071.22597
-33.77618609,151.1258708,40264.538
-33.86947486,151.2292612,54763.57769
-33.92168555,151.2416598,55054.70159
-33.82767275,151.1851407,60602.09907
-33.92984218,151.2879993,77596.60039
-33.85835682,151.1480117,53924.15967
-33.96678351,151.1360813,44910.36374
-33.9352093,151.2205226,49744.25688
-33.85895694,151.2616549,32309.24095
-33.83187667,151.2934964,43052.86869
-33.86023159,151.1863558,45907.17562
-33.87458241,151.263234,44759.11602
-33.88385518,151.2073746,51523.54872
-33.9427261,151.2006686,41775.80068
-33.90479221,151.253483,61210.30667
-33.89183194,151.2419161,50002.07065
-33.81594389,151.1304804,49906.99679
-33.85161909,151.283127,46721.05283
-33.95695201,151.2783046,51551.90684
-33.8525958,151.1780219,58250.98265
-33.88805411,151.2290902,41328.69784
-33.9026461,151.2340015,43418.83511
-33.83821619,151.2223337,46962.73971
-33.81725002,151.1817847,36541.29077
-33.82223599,151.1757188,41807.4214
-33.91076088,151.2080223,45237.79126
-33.88426062,151.2679365,58743.89181
-33.85223683,151.23648,52625.61329
-33.82002274,151.1907693,51935.89911
-33.89275871,151.2478849,58508.97962
-33.87808295,151.0668729,48626.28212
-33.92411675,151.2667383,53904.6485
-33.92861033,151.1223143,48967.78247
-33.82817371,151.191178,52653.62349
-33.800988,151.1533165,44172.41342
-33.87240051,151.1445659,25611.82842
-33.81862336,151.2673413,48657.20838
-33.8507182,151.1859149,64227.48136
-33.90105599,151.2266252,59262.15402
-33.85073022,151.206954,59653.97485
-33.79189817,151.233152,62361.30722
-33.8705913,151.2131411,50886.57591
-33.79056782,151.1451504,51973.15707
-33.99978726,151.2591133,43823.48105
-33.82770487,151.1846122,46839.27144
-33.86444765,151.1314709,56157.7115
-33.88375037,151.1878942,62038.84437
-33.86421196,151.284338,48605.53724
-33.96817845,151.2518111,45498.10735
-33.87978359,151.1918674,50005.27959
-33.85094437,151.1918371,56012.06749
-33.7949053,151.1932182,35561.45184
-33.89471351,151.3131374,27038.19047
-33.90922468,151.2283968,44494.63151
-33.89388785,151.2308021,37792.87574
-33.82302989,151.2608142,44918.59802
-33.85236244,151.2212395,48522.19681
-33.89528801,151.1963479,45467.51591
-33.84313663,151.1994825,64524.67534
-33.86394612,151.2057199,53267.44765
-33.82036775,151.2074389,53004.7436
-33.90390265,151.2456815,56222.07144
-33.88518311,151.2118973,38611.66882
-33.88840541,151.245932,60391.11787
-33.94197575,151.2052642,49242.35713
-33.85399399,151.2132318,56704.80617
-33.85574724,151.10939,39281.42767
-33.86854433,151.2551164,34462.41234
-33.88052936,151.2266244,58178.89658
-33.93956854,151.2592005,53764.09526
-33.88983227,151.0644872,40979.48446
-33.88593573,151.3137187,41303.36919
-33.90891386,151.2023205,61254.34784
-33.87686429,151.2647091,38105.88107
-33.84859746,151.1573047,66426.72953
-33.7744907,151.2399387,40993.79265
-33.86007111,151.1566292,56383.91926
-33.85592248,151.1781116,46713.81524
-33.8725223,151.3050016,56031.87431
-33.96473856,151.1997659,44558.85998
-33.87012569,151.2201716,48372.07094
-33.86578849,151.2528034,50409.19175
-33.74563789,151.2340841,39978.12544
-33.87841805,151.2168209,57408.24345
-33.85372263,151.2275481,44867.86434
-33.87053559,151.3294708,47714.00085
-33.9272339,151.2064191,40056.50625
-33.81165886,151.219355,24376.66341
-33.83120335,151.2618327,48089.72237
-33.8292484,151.2645763,74126.15422
-33.91426937,151.2686515,57846.04288
-33.79866028,151.2412365,49807.3962
-33.93889255,151.1521498,47371.09171
-33.83945715,151.2909716,50224.65893
-33.75927722,151.1519827,55471.19115
-33.91832682,151.2244318,38191.87185
-33.89711489,151.1715862,61143.21695
-33.86381743,151.2060931,57153.81315
-33.89397378,151.2257381,57181.85726
-33.94633317,151.2253679,54384.75739
-33.86537185,151.230396,50196.16658
-33.92191519,151.2899856,56728.61236
-33.84512038,151.2319767,55918.14134
-33.91477121,151.1970922,46459.59289
-33.79130328,151.2575044,44263.98227
-33.90796266,151.2687735,51018.56295
-33.88490308,151.1479196,65490.20151
-33.82812414,151.23917,37608.92924
-33.93034322,151.2443586,35324.74734
-33.857427,151.1944218,51647.60841
-33.80344286,151.2780853,50508.87702
-33.94917416,151.2017972,51733.41664
-33.85956831,151.2155788,52439.53198
-33.85580586,151.2006464,47767.97745
-33.82970886,151.210079,64898.63439
-33.93064754,151.1544862,33990.96022
-33.93482283,151.1372975,41715.02975
-33.84270292,151.2890253,48967.4524
-33.85395077,151.1669519,33568.11189
-33.85627536,151.1597304,48241.45596
-33.85147759,151.1016305,66614.70166
-33.90280124,151.1773519,50208.86488
-33.85718732,151.1431455,52307.00906
-33.85414638,151.2914008,37398.35235
-33.90451757,151.2597909,43836.38592
-33.77551127,151.1748925,46248.0362
-33.84510835,151.3219218,46822.84903
-33.92836517,151.2583883,62816.43795
-33.83597232,151.1930584,55576.91061
-33.91753408,151.0843297,38885.42043
-33.82944577,151.3238471,52465.04778
-33.81087022,151.1398214,54982.21748
-33.90983412,151.1270301,61401.49039
-33.82063119,151.2604285,65805.40687
-33.84816095,151.3312876,39849.05808
-33.82769699,151.2785136,41891.42489
-33.77396035,151.2374955,37424.22141
-33.88106941,151.2390377,47659.80141
-33.90648681,151.2519708,54663.58374
-33.91327572,151.2472464,59873.34517
-33.90959051,151.2233596,49240.48976
-33.87265509,151.2145101,46801.52477
-33.8517424,151.2061703,51517.57992
-33.85496546,151.1716018,41648.57098
-33.82744084,151.1952662,70895.38722
-33.86814991,151.1246522,33923.38973
-33.7961233,151.204383,51847.40579
-33.88203284,151.1598704,70236.06219
-33.73279154,151.1541205,50067.99845
-33.83751663,151.2182947,48099.60965
-33.91165788,151.2789001,46425.54577
-33.92234462,151.2552158,48196.08318
-33.84467638,151.130775,63728.48475
-33.87997314,151.1598186,27881.38089
-33.83309998,151.2563386,65334.33701
-33.84513812,151.1601756,35760.42848
-33.87244145,151.1980683,47333.47671
-33.91113969,151.2368026,45707.5558
-33.94454236,151.1608828,55885.5327
-33.89112575,151.2145688,34018.75648
-33.82598006,151.1425987,54621.72666
-33.85809531,151.1792316,70243.09623
-33.93108694,151.2252891,36368.25995
-33.86014095,151.1296503,51897.06168
-33.84953413,151.2313237,43380.17822
-33.91299287,151.2083181,54258.87206
-33.86111374,151.2369245,50191.47777
-33.86588956,151.2204957,43585.13091
-33.92594851,151.277507,54878.72285
-33.85091063,151.2155612,68043.4811
-33.84076077,151.1878297,48090.96208
-33.81464744,151.2154149,57197.57942
-33.8161099,151.2364649,37067.27042
-33.93768347,151.211743,40435.63623
-33.91569125,151.2113296,54724.06278
-33.84304824,151.1742004,64841.16029
-33.8431107,151.176155,53556.13349
-33.84304762,151.1391697,46869.41969
-33.67616343,151.2967788,49992.91405
-33.84025547,151.1471068,37495.92266
-33.81202172,151.1746547,56045.15326
-33.82109991,151.1733796,58823.33062
-33.83623044,151.2540462,45479.09667
-33.88456346,151.1945525,45299.57852
-33.83085154,151.2716871,52658.7823
-33.90744126,151.1756255,45632.80264
-33.88064093,151.2232497,49338.67385
-33.89306818,151.1675326,70997.21789
-33.86470629,151.3165575,47529.74299
-33.75306707,151.1499201,46416.59848
-33.96216326,151.224791,43524.58194
-33.83448699,151.2409888,57441.91971
-33.94943579,151.22999,48187.75827
-33.89239659,151.2000356,43506.26962
-33.81435247,151.202809,63213.04032
-33.865586,151.2114906,64196.03005
-33.92268724,151.2019499,43995.76434
-33.90456519,151.257494,31334.60049
-33.83482011,151.3198262,60075.1369
-33.90531833,151.1814254,43153.70174
-33.85797707,151.1408099,57906.25599
-33.86652141,151.2048859,30298.96182
-33.90138002,151.3382855,58925.97338
-33.7616028,151.1691163,37888.28071
-33.83710405,151.2912558,57307.64119
-33.97005713,151.293185,50142.73068
-33.85947728,151.1816206,40460.60581
-33.90188932,151.2377492,45929.63687
-33.82617833,151.2907198,56863.18457
-33.90842604,151.1903436,51058.94453
-33.87453682,151.199121,55844.1298
-33.84355064,151.180216,69764.40585
-33.82551224,151.1585622,34357.58388
-33.92881482,151.1768361,66172.12575
-33.88552506,151.148103,51043.55938
-33.89254727,151.2110042,41012.15952
-33.90146646,151.1708013,36696.86374
-33.78052729,151.2209893,48108.79609
-33.84855091,151.1315052,59216.50112
-33.9318442,151.225844,48724.5088
-33.8229069,151.2509764,65111.5493
-33.76269219,151.1096132,35488.2431
-33.81717674,151.2280028,49879.11052
-33.9447685,151.2706834,37476.06556
-33.8930117,151.1488179,53636.31883
-33.80545444,151.2929286,58868.8739
-33.90418347,151.230251,45792.38206
-33.84660903,151.1740494,23957.86143
-33.8300683,151.2065115,51989.48147
-33.91514652,151.2372163,54367.38552
-33.87177627,151.2131003,54042.94755
-34.03086337,151.2362378,62357.82192
-33.92001938,151.1632663,39289.4632
-33.88142841,151.217768,56802.16105
-33.93118916,151.1386143,61925.07512
-33.78717943,151.2037387,32214.12416
-33.94030707,151.1641046,53196.51826
-33.89080222,151.1725235,44958.20169
-33.86226297,151.2711047,49184.77327
-33.79673634,151.2638655,53476.76484
-33.94059311,151.2397569,45127.71436
-33.81064181,151.1546844,43242.91921
-33.86828835,151.1934796,50341.52417
-33.91787543,151.2699549,39127.54061
-33.84569483,151.2163858,39141.74871
-33.85884702,151.3252665,56793.73283
-33.89881084,151.2289659,38512.05965
-33.8653099,151.2189025,56663.12501
-33.88806568,151.1938442,54625.91293
-33.86312413,151.215977,32741.93271
-33.83569347,151.2016765,43224.35348
-33.78949916,151.2447054,61941.09403
-33.93069077,151.2571351,40188.34469
-33.76214833,151.1700005,45355.95738
-33.96640439,151.1427384,54620.60893
-33.87638925,151.1174897,57833.90509
-33.83938414,151.2346996,47484.61114
-33.85475041,151.1541317,44024.89805
-33.89993498,151.1016555,64223.69862
-33.87920611,151.2287289,67388.99664
-33.89345005,151.33395,59788.58051
-33.89826824,151.2089965,50853.18143
-33.8263199,151.2512245,41917.34278
-33.85094923,151.2133915,41695.55593
-33.90344548,151.2043555,55225.14105
-33.82382001,151.2552538,54183.98221
-33.85343502,151.1947863,64015.98593
-33.82815689,151.2226696,56504.50093
-33.83731856,151.2253849,34969.19698
-33.91024975,151.1758955,60519.47618
-33.89680905,151.2589021,40019.39373
-33.83143532,151.200552,46160.28728
-33.83828149,151.1715127,52502.00206
-33.86984508,151.2361255,69956.6749
-33.86293363,151.1643766,81099.18556
-33.80491676,151.2107091,56067.23059
-33.89837857,151.2088441,48168.03381
-33.84144513,151.2635948,55345.05648
-33.87890963,151.2330349,58876.55426
-33.87968406,151.2080487,46793.32374
-33.81386116,151.2501883,67952.11356
-33.82752918,151.2788104,52300.70759
-33.82812452,151.2371905,54977.43089
-33.80352606,151.2098176,56659.24252
-33.86774981,151.1437082,54215.86611
-33.83470235,151.1560443,58389.405
-33.88431334,151.1940388,43827.46813
-33.85259168,151.1788244,44416.98246
-33.87530715,151.1999514,38998.45767
-33.8639502,151.2121325,54395.01231
-33.83904215,151.2357846,57789.36504
-33.90971103,151.2057751,54577.72866
-33.76418064,151.2336251,66744.92433
-33.91910087,151.2125237,49944.03981
-33.92950943,151.1105267,56687.41656
-33.81089446,151.1623332,39082.99124
-33.82921687,151.2020956,46129.00298
-33.83759401,151.1488153,56955.37758
-33.83738272,151.2392964,58491.02111
-33.86941234,151.2858375,47060.33052
-33.91366272,151.2702381,49284.00748
-33.86500977,151.1986279,34821.26253
-33.90265809,151.2838363,46429.70799
-33.82004401,151.2167334,58903.83164
-33.87615287,151.1924457,55752.05016
-33.91007486,151.1786299,55006.65721
-33.88486929,151.1941765,50497.73687
-33.84815343,151.1898912,50070.63159
-33.89698623,151.2178208,43396.78861
-33.90991102,151.2173287,56988.2842
-33.85661564,151.2094523,54209.72944
-33.85655167,151.2311469,54920.18848
-33.89414716,151.2688323,44739.65157
-33.89235192,151.2567777,28466.5708
-33.8571975,151.1350551,60971.52712
-33.94120422,151.0816039,45211.62544
-33.93917319,151.256016,41372.24236
-33.90472221,151.1409561,56934.78912
-33.87947236,151.1980617,46079.8736
-33.85325462,151.1507943,60599.36384
-33.79503219,151.119201,56170.0595
-33.82591702,151.2363731,56835.69323
-33.87679693,151.2472578,36340.44289
-33.86975081,151.1804745,62119.43985
-33.91892647,151.0797479,52612.50531
-33.86972566,151.1819878,46307.22861
-33.88323293,151.2288902,51433.88467
-33.85266407,151.1353544,32237.64767
-33.91016155,151.218468,54086.52811
-33.84283267,151.2085345,39706.28492
-33.79216305,151.2382646,36473.29714
-33.87423801,151.215279,34776.40814
-33.84871441,151.1606466,61126.88375
-33.8342928,151.2691286,43707.36606
-33.88886102,151.2013735,65337.2771
-33.85759538,151.2079348,44641.98537
-33.86817038,151.1626366,32926.42042
-33.8639162,151.1871359,38834.7556
-33.90745049,151.1650599,62358.1162
-33.86757449,151.2006527,48441.01822
-33.84390009,151.2948854,44517.12704
-33.79624282,151.1407049,51600.18226
-33.82083646,151.1286219,55017.82736
-33.76114088,151.2828585,61173.98816
-33.90716738,151.1988338,64484.9923
-33.82518397,151.1758464,46402.31354
-33.8596329,151.2612952,36739.52314
-33.75930985,151.1790192,45865.34839
-33.90921491,151.3006005,52602.80507
-33.91078609,151.2431963,40362.41074
-33.89876963,151.1849044,40428.49085
-33.97499479,151.3171654,53437.87882
-33.89508775,151.1790143,49513.47648
-33.90675663,151.2464048,50327.96995
-33.86128031,151.2242646,42415.04665
-33.8517122,151.2743871,47695.99286
-33.77499146,151.2873756,40757.66856
-33.82127881,151.2109002,58901.98411
-33.89764518,151.1716291,60352.49335
-33.91372073,151.2322986,31538.12138
-33.84420404,151.1754142,40704.8914
-33.93481166,151.3099694,35034.70745
-33.77722706,151.2161268,43499.76066
-33.80982799,151.1910339,49165.6203
-33.89225878,151.218534,35503.5478
-33.95445673,151.1419437,40781.40187
-33.80110638,151.1607193,39960.42628
-33.87452699,151.2693207,52072.67329
-33.80690918,151.1764553,50693.44337
-33.94852138,151.1569545,42782.62447
-33.89876875,151.2361326,51768.20872
-33.86853782,151.2685852,44533.19915
-33.86645097,151.2452477,47283.4489
-33.89130327,151.2591024,66734.5209
-33.8376575,151.1714602,63404.61052
-33.92218102,151.1382095,37004.18763
-33.87591897,151.2843667,58297.32418
-33.86278522,151.193166,58113.96554
-33.84307806,151.1967583,38517.36711
-33.83321926,151.2757097,58187.77644
-33.9250321,151.2371115,65379.31918
-33.94550571,151.2320944,38774.55194
-33.80491616,151.3175501,40824.97179
-33.8521843,151.1771241,60176.61467
-33.90622433,151.255692,52714.95311
-33.7912424,151.2121507,55514.76275
-33.86301627,151.2227296,53405.89216
-33.80983514,151.2857234,53906.95921
-33.86542408,151.2346918,36735.27872
-33.7657626,151.2362148,60473.17707
-33.78103296,151.2629254,61695.89992
-33.88124821,151.1910524,47706.09256
-33.82022145,151.1673395,49565.2305
-33.8365312,151.1570595,34688.92497
-33.80036842,151.1109822,55142.54756
-33.91704617,151.3121104,55720.57442
-33.83449743,151.1541396,49378.08983
-33.81587878,151.1982373,61243.5336
-33.95673697,151.1954593,46659.22769
-33.92796293,151.2246703,55646.05926
-33.97076161,151.2500869,39803.35661
-33.88227034,151.2523237,49764.47849
-33.83292289,151.1801461,48256.45742
-33.79368215,151.2009439,52253.07922
-33.86509526,151.223429,46304.73071
-33.78736922,151.1968654,48685.27404
-33.93780507,151.2896673,58260.47171
-33.95396912,151.2338487,45632.35763
-33.87157738,151.2460439,33934.22899
-33.84959673,151.2424441,67495.83904
-33.87043474,151.2679737,63814.54079
-33.97217211,151.2183511,37077.37305
-33.873256,151.1444584,56897.07805
-33.93402348,151.2292844,44970.25229
-33.83531637,151.1767322,52634.87215
-33.85047009,151.1828692,52942.24129
-33.91579399,151.2386182,47655.922
-33.89449335,151.2712142,42162.34334
-33.92176068,151.2103636,43094.58948
-33.87193395,151.2247417,40838.08085
-33.82104288,151.2944107,41681.77792
-33.9180863,151.2213377,49328.2171
-33.84359767,151.3393842,42842.40011
-33.89531288,151.2375755,56820.52066
-33.90844364,151.1212619,64872.46155
-33.87415152,151.2469671,44199.46759
-33.92056212,151.2283579,52394.04501
-33.89648247,151.2737876,54996.8511
-33.92869389,151.2429591,54720.02271
-33.77056374,151.2023772,50759.55268
-33.86703682,151.1480851,57426.82418
-33.90378628,151.1988488,54822.48953
-33.858101,151.166774,37623.37578
-33.8744164,151.1802738,58691.56064
-33.87984848,151.2387289,58872.90837
-33.83809166,151.2927952,42367.13896
-33.83092461,151.2290336,50379.37835
-33.89532506,151.1495058,56833.28993
-33.89759091,151.2315301,47906.8618
-33.88255258,151.2691316,60729.78048
-33.98389606,151.1788109,73638.72495
-33.94455955,151.2025991,42140.13967
-33.80045629,151.2100344,36189.55397
-33.78655161,151.1700551,53038.18596
-33.8812518,151.241714,57215.62505
-33.83997215,151.2032526,47691.33626
-33.85323749,151.2302766,64532.60663
-33.71485596,151.1649254,36613.942
-33.81282125,151.1874271,56929.18623
-33.87519588,151.2454191,43941.39179
-33.91657702,151.1906583,67193.77906
-33.94912232,151.2956482,69925.15353
-33.85862682,151.1893182,42333.43412
-33.90661754,151.2205342,44504.42864
-33.93991269,151.2559295,58595.87887
-33.90112864,151.1383817,46128.6935
-33.9228774,151.1212596,49545.88782
-33.78444292,151.1330172,50253.88421
-33.82471801,151.2724292,30803.26844
-33.86919863,151.1817071,49861.62254
-33.79480279,151.33721,43102.72226
-33.86493158,151.1810876,45068.77178
-33.91186421,151.2185276,64436.32003
-33.7926438,151.2864055,37434.93106
-33.8418545,151.3096046,58132.05187
-33.92066231,151.3123752,47210.3707
-33.87831693,151.2697183,47202.39832
-33.91258091,151.2605031,57903.71896
-33.93793999,151.2389263,53400.51295
-33.82249112,151.2482181,55706.12997
-33.77332917,151.1817407,59681.84661
-33.93872838,151.1683901,46686.91617
-33.84065154,151.2091313,43877.63265
-33.90133213,151.2007908,39148.49473
-33.89315627,151.1866386,41745.8947
-33.8984197,151.2441194,79490.94425
-33.91199954,151.2570653,62446.79581
-33.86637392,151.2137203,36489.25634
-33.91034751,151.2831765,36775.42043
-33.85527716,151.1522155,54818.66062
-33.87131191,151.199617,55472.64797
-33.8807474,151.1734589,55488.83835
-33.91417818,151.1159732,47450.44206
-33.89763857,151.205166,48745.4574
-33.83103044,151.2032126,53278.79524
-33.84375414,151.2849725,50858.93006
-33.91767776,151.2408406,27806.99627
-33.86383338,151.1580907,47702.00369
-33.83123064,151.3020046,41485.93566
-33.95227026,151.2703517,51752.11419
-33.84163199,151.2384049,79852.59003
-33.90193119,151.1979758,53674.81665
-33.84027007,151.161328,46864.70314
-33.90696296,151.1906897,59218.01502
-33.95904411,151.2637374,54826.87887
-33.95017712,151.3035293,54200.9449
-33.86639575,151.2864622,56068.50593
-33.85581387,151.1848575,70565.43565
-33.91401583,151.1533191,38691.11565
-33.83687038,151.2163443,54736.32077
-33.951876,151.120878,40736.1887
-33.87210399,151.2254584,55555.12646
-33.92935081,151.2019199,40813.13489
-33.90139181,151.1859982,45826.33186
-33.86643007,151.1295648,47049.10086
-33.91182067,151.23498,59758.16719
-33.88802778,151.182665,59184.54444
-33.81848536,151.1508042,37542.82624
-33.89764459,151.0656869,50549.34111
-33.82701539,151.2079243,42904.20145
-33.92528534,151.2979126,37414.95089
-33.84230979,151.292363,47829.8295
-33.79672157,151.1864452,46915.17212
-33.99238223,151.1791894,74267.16486
-33.90864476,151.2327387,54329.59825
-33.83994639,151.1593807,36223.82499
-33.87895227,151.2243896,44352.25996
-33.85024271,151.247604,60213.83295
-33.89899926,151.2706467,70884.42773
-33.86447051,151.2042923,34140.16688
-33.87658386,151.1991163,31200.75615
-33.8104109,151.1654009,68709.65175
-33.85607896,151.167956,53896.14177
-33.85191987,151.1979761,41317.07268
-33.88939385,151.2276683,55346.29086
-33.89318031,151.2549792,23642.52261
-33.89042791,151.1691411,50033.75507
-33.84907739,151.2839344,53278.21173
-33.88984922,151.1957438,59242.7014
-33.85431126,151.2082316,39861.04048
-33.76502996,151.1719394,50856.87161
-33.82524376,151.088088,40745.75374
-33.88510118,151.2535023,52553.83756
-33.8087393,151.2461422,41046.53678
-33.88920377,151.1952336,45918.99161
-33.97070623,151.2126495,40041.84605
-33.91920432,151.235097,56511.36242
-33.9623396,151.1311727,58584.51117
-33.88637567,151.1828474,47653.7943
-33.86787908,151.2490132,50382.37995
-33.78497813,151.1465855,35514.08585
-33.85245363,151.2239779,47003.23352
-33.87975503,151.1414709,49497.95383
-33.82732972,151.2326215,76207.93091
-33.97935677,151.2075179,38880.32974
-33.85701927,151.1285434,64641.77239
-33.83025674,151.267537,59968.58773
-33.94272931,151.1725704,52806.36404
-33.8116123,151.1687874,67586.20484
-33.85187518,151.2193285,53721.05473
-33.8895644,151.2667319,53891.59196
-33.83716091,151.1585089,49468.79347
-33.75526536,151.212384,62235.68882
-33.85970669,151.2307408,60964.69234
-33.85638897,151.2439553,43743.22713
-33.89176804,151.2181221,36807.52805
-33.91129222,151.1909486,47970.19363
-33.82728321,151.1679205,41999.61436
-33.91160419,151.2136072,49364.75425
-33.86522169,151.155693,62374.38135
-33.89268287,151.0632325,45426.98345
-33.84485101,151.231128,49571.76619
-33.85211689,151.2544967,50580.22735
-33.816923,151.0911534,58484.30882
-33.89430082,151.1588135,27531.10666
-33.88229375,151.2402577,43932.99705
-33.91773819,151.3121748,52112.83692
-33.89101466,151.2103397,62000.78956
-33.84993498,151.1728999,45080.97552
-33.83095057,151.2001552,31234.47294
-33.91490827,151.2780438,56197.11446
-33.8253197,151.1770018,43646.37611
-33.80101811,151.1693404,38103.33341
-33.84812825,151.1851628,43756.5461
-33.77496021,151.1616336,48154.74642
-33.90748946,151.2154335,43952.55335
-33.93103274,151.2905339,27944.33943
-33.95773601,151.225454,58970.66197
-33.79399778,151.1966823,62748.75041
-33.83608172,151.1947094,56515.21991
-33.87157923,151.1311405,38623.1433
-33.85480157,151.2534555,47985.08466
-33.92507445,151.2054081,49934.78685
-33.7465124,151.200276,55987.9439
-33.86233894,151.3689554,56683.40489
-33.86333026,151.2242376,42658.26201
-33.83251167,151.1717104,50819.95556
-33.84474954,151.1879821,54572.80405
-33.8576058,151.2667223,64558.22322
-33.90832372,151.2149635,57045.0654
-33.84522658,151.1373861,57890.56687
-33.77469878,151.2552614,50838.26628
-33.801529,151.1758928,64104.59145
-33.78914067,151.3029649,54097.62796
-33.89436078,151.2633024,41389.1209
-33.91828024,151.1869339,64033.6997
-33.87508935,151.2733508,56979.03273
-33.86601375,151.2126928,45569.55979
-33.81409042,151.2519387,45205.07033
-33.95342323,151.2335366,52965.75545
-33.79232248,151.1669822,54631.84795
-33.87670039,151.1771225,51972.92266
-33.89014405,151.260798,53113.08673
-33.91940522,151.1925612,66999.57375
-33.95154283,151.1891176,60715.43152
-33.82764147,151.1615439,51906.35591
-33.8651341,151.23048,59413.10581
-33.93329804,151.3124262,39674.76096
-33.93355394,151.1559234,53979.2705
-33.88558923,151.210511,68093.0635
-33.78534892,151.279911,47819.54105
-33.88177957,151.2053179,41523.66071
-33.94395715,151.2319186,43479.11111
-33.88108715,151.1561803,39103.66963
-33.88243618,151.2307154,42152.38092
-34.00364433,151.1999428,46294.91901
-33.87151474,151.2585865,35944.32981
-33.88034673,151.2686693,50156.18334
-33.83398968,151.3387782,59022.77174
-33.7763522,151.2382817,40922.4382
-33.81247175,151.2255898,65192.83924
-33.88224443,151.2190192,55107.92089
-33.9241263,151.1916417,60305.80586
-33.74013201,151.2262242,43421.65446
-33.86583908,151.1945299,58545.25227
-33.86810354,151.217723,39080.661
-33.87000625,151.2751799,58902.47501
-33.85889576,151.1589729,51718.3934
-33.87601802,151.2662939,55532.5122
-33.8974831,151.2751558,38244.05394
-33.89614295,151.2033966,41049.30158
-33.87043766,151.1032073,55972.28218
-33.89597124,151.1789089,40516.51996
-33.90444229,151.2741497,54632.06292
-33.86347849,151.2081566,36328.62194
-33.88154886,151.1593349,58481.74213
-33.79360035,151.1840613,37674.76685
-34.00134849,151.251331,55522.99938
-33.81422466,151.2366367,56256.30934
-33.80649574,151.1973534,43032.28182
-33.97246951,151.1909588,55820.26567
-33.88593438,151.1897121,52604.42263
-33.88737204,151.1631795,44611.58144
-33.93917558,151.2900688,39914.45316
-33.90769083,151.193184,30373.74308
-33.92432879,151.2701579,53496.50047
-33.78118648,151.2853658,34351.97229
-33.82201608,151.2592155,50953.44199
-33.80522225,151.187719,47365.51784
-33.8327164,151.2294865,56791.42775
-33.92525259,151.2080902,46979.54501
-33.89502601,151.1641149,46705.52214
-33.84433127,151.225518,57318.70704
-33.92990639,151.150348,53350.58029
-33.83315008,151.268684,53161.55957
-33.88081627,151.1860691,54692.6759
-33.88754104,151.219358,34644.27877
-33.833252,151.2234644,57567.8868
-33.84658683,151.1963548,56124.68794
-33.88684831,151.2386347,39833.16871
-33.81083351,151.1855548,47559.19526
-33.92285317,151.2528649,49606.92712
-33.83800322,151.142001,48655.03216
-33.83914494,151.215619,53338.59967
-33.88427732,151.3062464,64313.66782
-33.85249335,151.1592834,60817.66728
-33.93135568,151.1754128,36877.80807
-33.82259865,151.2349954,56220.6999
-33.87804511,151.2182791,63289.3332
-33.89493615,151.2268315,53868.08521
-33.81634954,151.2337594,60909.80425
-33.90401718,151.2410361,70122.70446
-33.93922306,151.264785,60237.09546
-33.94663146,151.2297909,52493.08596
-33.8384995,151.1972371,60450.88474
-33.93282147,151.2429287,51448.87833
-33.78106029,151.3042941,50239.03043
-33.97289647,151.2026683,46485.85764
-33.78397718,151.1605735,65634.13359
-33.85824913,151.264654,41815.71334
-33.87363566,151.2032809,65323.67725
-33.89604595,151.1006665,54998.64124
-33.84884319,151.2516711,36006.93825
-33.87068174,151.1825336,53676.49293
-33.81363491,151.2047733,28999.73492
-33.86308862,151.225899,56255.08017
-33.86128491,151.218825,58852.31483
-33.88698061,151.2447726,44076.44044
-33.87164728,151.1875257,51235.47696
-33.85340991,151.2349553,69541.57434
-33.95430842,151.1963227,44942.53296
-33.93620927,151.2462405,39410.92413
-33.8316368,151.2400684,64816.63402
-33.86025673,151.1625281,69625.87191
-33.87799917,151.2635991,50036.95672
-33.8678783,151.1825018,60114.63035
-33.85142091,151.2497029,63414.75916
-33.89578798,151.2276644,42575.15767
-33.90771524,151.3012092,45146.94165
-33.85900774,151.1981267,62308.74513
-33.91771864,151.1918342,66850.14279
-33.84838736,151.208329,55628.8086
-33.95392918,151.194141,41201.85646
-33.81734222,151.2492971,69870.61112
-33.84517013,151.1284845,44690.29102
-33.85599851,151.1566159,46648.62219
-33.81966545,151.1559099,53423.37834
-33.78552628,151.2568154,65541.60421
-33.8180815,151.2948307,58539.75977
-33.96084371,151.2040775,54148.655
-33.93277885,151.2008589,54632.8853
-33.90004093,151.2128026,50435.14669
-33.86749545,151.2673939,55581.39515
-33.84291705,151.1629323,24704.39922
-33.90508719,151.2212184,47033.92541
-33.85946166,151.2580599,52413.21935
-33.90656915,151.2343547,38489.85916
-33.89937589,151.2187791,53863.23318
-33.93913305,151.2593523,47955.28779
-33.91496166,151.0741384,67554.75698
-33.93638423,151.2431938,65730.19725
-33.91759366,151.1765962,45341.94431
-33.81611791,151.1177684,48491.62288
-33.91626994,151.2348601,49260.52434
-33.7371809,151.2779829,45483.40524
-33.8441341,151.2024276,51950.24984
-33.85955819,151.2569437,42417.17931
-33.91171789,151.2899139,38693.84665
-33.83378451,151.2750457,56227.11224
-33.89758189,151.2912982,56295.29584
-33.86269951,151.2464064,41956.8424
-33.74079577,151.2130717,58953.55431
-33.87360299,151.1292017,43684.22271
-33.81133633,151.1969969,52531.65238
-33.90395882,151.1671377,58203.44013
-33.87054942,151.3178471,49663.87435
-33.78025997,151.2005057,54547.40912
-33.90014835,151.2154602,44835.70356
-33.77817757,151.2368743,48035.33417
-33.8334124,151.2114801,47941.40569
-33.89692334,151.2940526,42534.21653
-33.83717961,151.1781675,48232.25837
-33.82017228,151.2190304,34513.81701
-33.8377095,151.1721765,45088.46253
-33.94731124,151.1432989,47151.24507
-33.90515686,151.1787115,47438.20248
-33.88117593,151.2074482,47585.02554
-33.87252167,151.1878349,49382.358
-33.8377664,151.174679,54794.41518
-33.85991495,151.1389841,58745.17074
-33.93556722,151.2051447,43502.34773
-33.84979011,151.134064,37967.99145
-33.83827071,151.2473028,39579.55588
-33.84081048,151.213422,45127.97079
-33.81476096,151.1364224,46480.78682
-33.82710389,151.1938395,42300.03934
-33.845841,151.1716922,37038.83336
-33.87230829,151.2252587,45438.79173
-33.95184805,151.2763225,51814.2662
-33.84731909,151.1155414,55950.29466
-33.85841562,151.2150513,44425.76947
-33.85522106,151.2012934,45870.02178
-33.93263743,151.242867,40733.01691
-33.92285283,151.2199598,49685.6083
-33.81614236,151.1717015,41515.71366
-33.87077776,151.1933473,55731.27813
-33.83472497,151.1694987,32141.33508
-33.86738408,151.2631004,46403.70328
-33.86731219,151.2103656,53011.07339
-33.82188581,151.3043595,51838.34516
-33.89460224,151.206267,76930.33664
-33.86399396,151.1738797,53498.00025
-33.89191376,151.1336143,39959.45403
-33.89052481,151.119143,49045.35753
-33.88425861,151.1300932,32237.53667
-33.85769331,151.2226563,49194.00251
-33.89273743,151.2347363,41669.43943
-33.80601219,151.1302405,59153.90276
-33.91353037,151.2540519,44504.59725
-33.87814358,151.1851469,48832.34084
-33.89078655,151.2166397,43644.42159
-33.79645111,151.289911,67388.51352
-33.85897226,151.254142,46787.57234
-33.81720777,151.1958735,68325.57043
-33.94307802,151.1647404,58141.51762
-33.85544749,151.1017092,54820.66727
-33.82431846,151.1733423,53687.33147
-33.8646858,151.1987435,53937.97298
-33.81552598,151.159941,30723.27421
-33.89466442,151.2027372,47211.16606
-33.79833263,151.2131426,58451.57971
-33.75385509,151.1980572,49511.02817
-33.88694193,151.1767999,35948.10153
-33.89107513,151.2177327,49475.95549
-33.79613078,151.231397,67041.05516
-33.78982139,151.15478,62468.91716
-33.894943,151.2798466,49379.95991
-33.88980934,151.2043706,59514.49277
-33.88288923,151.2102425,46334.9298
-33.93602253,151.2447107,32961.28413
-33.9147326,151.2209608,40755.34012
-33.91900704,151.2569568,65628.88769
-33.90718988,151.2236562,47260.06918
-33.87053424,151.1786781,47566.16021
-33.85708926,151.2273752,47001.61804
-33.79127498,151.1521137,69041.3659
-33.9187177,151.214728,66259.58915
-33.81958388,151.2076385,72187.80233
-33.87949944,151.1988942,48409.5479
-33.87127319,151.2028731,52956.24489
-33.83505903,151.1152075,34833.57451
-33.9249361,151.1818638,64769.34426
-33.84967951,151.2139422,38322.20449
-33.86047739,151.2172928,52167.75564
-33.84417744,151.1579162,39026.97472
-33.85434157,151.2725854,44111.33173
-33.74603499,151.1659913,41627.37569
-33.900687,151.2577729,43921.24739
-33.89534985,151.2306597,44608.77297
-33.89995703,151.1769886,44517.31205
-33.89657386,151.2980655,58333.33912
-33.90066936,151.1496182,38951.37207
-33.80934917,151.2552577,52205.41427
-33.79777479,151.2593291,62179.59152
-33.89733731,151.175769,44868.03635
-33.91041778,151.2789233,42820.81109
-33.84522922,151.1967977,47694.75375
-33.89641115,151.2237347,61797.25208
-33.83715341,151.2223161,51941.07631
-33.85865385,151.2025846,44687.85705
-33.94458721,151.2498404,54838.76651
-33.79142474,151.2489744,38977.0785
-33.77900612,151.1218734,56813.5951
-33.89943943,151.274517,54086.07308
-33.88818508,151.1261754,46921.91529
-33.85450673,151.2609273,41614.14202
-33.85207716,151.2656353,41133.19078
-33.83587279,151.1547517,55348.17336
-33.76828977,151.1887593,62289.80502
-33.87764736,151.1540148,43626.92253
-33.90871486,151.1985539,54583.86704
-33.93776596,151.1938983,29129.72981
-33.9053465,151.248283,44153.82269
-33.87045635,151.2748154,49689.41067
-33.77907211,151.2790842,40903.16583
-33.89468056,151.1811916,40634.93625
-33.8576106,151.1988389,43322.20444
-33.86962114,151.1251281,52921.92728
-33.80938034,151.1690065,48126.70982
-33.74245338,151.2575426,27617.68767
-33.89534344,151.2900791,28792.99847
-33.89327197,151.1475826,43931.34822
-33.81659196,151.1796768,54576.86586
-33.83470543,151.2079797,22524.95157
-33.77646463,151.2233081,45002.69824
-33.83960359,151.1688198,44737.52143
-33.8867646,151.2305031,63883.37778
-33.83926726,151.185608,46149.78188
-33.81336482,151.2085774,53829.88985
-33.82777589,151.2366142,51412.5714
-33.8434363,151.2096211,28694.3352
-33.81546627,151.1874807,57682.07217
-33.81033522,151.2038195,52153.96505
-33.79969205,151.2048819,55082.6864
-33.83636451,151.1907994,89262.37706
-33.8771559,151.1963602,29158.87061
-33.86146432,151.2892324,67246.9665
-33.80847455,151.237346,47125.52481
-33.90964678,151.194526,52873.28904
-33.85036633,151.2441477,49544.87755
-33.88846694,151.192609,45757.63667
-33.86736276,151.2679562,44301.67072
-33.80487741,151.2277821,53295.08736
-33.85924505,151.2039349,34828.26303
-33.86647817,151.2316858,57505.79168
-33.93679281,151.1307562,45838.05595
-33.83148732,151.1529616,38699.30661
-33.83652579,151.1496037,45499.87142
-33.76063726,151.2164472,62571.49217
-33.88418891,151.2959257,44646.64913
-33.85784248,151.320865,53584.53618
-33.85633082,151.2412026,42690.43724
-33.78992734,151.2343422,57579.2185
-33.87356478,151.1192471,56855.07739
-33.85484892,151.1821663,68486.08833
-33.83840517,151.1699108,48244.36055
-33.85946954,151.1782576,56686.54805
-33.89112168,151.2008928,50980.6754
-33.8590955,151.1856955,62958.71782
-33.81511841,151.110335,42811.67612
-33.92012576,151.2466955,57450.05313
-33.86215152,151.1556628,48053.02704
-33.90380604,151.2212623,49358.11823
-33.80904767,151.3130041,50917.52484
-33.94495935,151.1633308,52522.40396
-33.89674609,151.0827856,48837.70957
-33.84993941,151.1949998,52147.13183
-33.7905238,151.264348,65781.18058
-33.87208751,151.3072174,59854.49686
-33.89655998,151.1478225,58691.54592
-33.77474215,151.234135,45444.60474
-33.9412007,151.1860345,41107.59172
-33.9787403,151.2040026,59553.00558
-33.84679928,151.3415172,58760.46793
-33.89390271,151.1341515,64726.70676
-33.91986164,151.221987,43960.19374
-33.83338218,151.2326847,47704.51345
-33.85660996,151.2635893,33605.15837
-33.89700393,151.2141992,46075.28894
-33.93281522,151.2247025,59965.70511
-33.82517713,151.1897176,45335.04621
-33.83628994,151.2227563,56404.79795
-33.87375879,151.1921404,48094.96894
-33.77646815,151.2403786,53240.57028
-33.92230424,151.1908195,38523.0861
-33.94507626,151.228155,50852.0945
-33.9033954,151.2078369,20088.64029
-33.8710793,151.2656025,48131.03842
-33.85663303,151.2067303,33695.26756
-33.8808618,151.1206484,62059.94517
-33.85119723,151.2723961,57774.07353
-33.93137697,151.1640134,54666.70982
-33.79661177,151.1766117,65210.06227
-33.87290756,151.1795169,40510.83479
-33.81293521,151.2780219,67473.63198
-33.85166373,151.1025163,59321.91564
-33.84596234,151.3661874,47634.44713
-33.84031164,151.2621028,61356.20147
-33.84641457,151.2204619,38937.06488
-33.83666386,151.2065553,41754.85838
-33.80234237,151.2235777,43914.10277
-33.85897394,151.2353561,44710.22292
-33.83334981,151.2415608,39434.42357
-33.87328678,151.2370802,62230.83067
-33.79679414,151.213779,47411.456
-33.90261962,151.1994331,53525.04968
-33.77875298,151.2017363,44296.48634
-33.8708079,151.1995546,31793.96699
-33.94033876,151.2659885,52700.57358
-33.86239478,151.2389778,30877.45025
-33.90285258,151.0622806,49313.65954
-33.82676782,151.242095,36316.84961
-33.9014312,151.2190368,69872.75999
-33.89110917,151.2083646,59113.62722
-33.96327704,151.1898741,51057.53791
-33.89141532,151.2655056,62637.06678
-33.98999397,151.2566763,41536.84023
-33.94799514,151.1706561,55434.79379
-33.83077927,151.2296526,51998.10434
-33.82950999,151.1607172,52640.20081
-33.84752712,151.1403191,62723.535
-33.91714881,151.1779641,57324.92103
-33.87118557,151.2524197,52887.23663
-33.86898013,151.2569563,33451.12564
-33.92671823,151.2349543,40399.53705
-33.79363008,151.2455548,48772.91066
-33.82493189,151.2351089,50933.72374
-33.87984821,151.1772259,38697.96275
-33.86745571,151.2308961,74116.76676
-33.85838086,151.2493205,65163.94055
-33.97088674,151.2470146,56021.1832
-33.88115887,151.2687457,50720.36861
-33.90289921,151.2447152,47877.9103
-33.918881,151.2268724,40480.8154
-33.88285501,151.2628075,50774.80519
-33.77891567,151.2079739,52577.5254
-33.83675786,151.1652063,37582.39425
-33.89735895,151.2011467,53341.76417
-33.84017086,151.1720549,48447.40951
